purchase_detail_id,quantity,unit_cost,purchase_id,ingredient_id
PD00001,29,273.72,PO0002,ing0002
PD00002,7,24.11,PO0003,ing0003
PD00003,3,235.39,PO0004,ing0004
PD00004,1,78.15,PO0005,ing0005
PD00005,10,129.53,PO0006,ing0006
PD00006,3,265.02,PO0007,ing0007
PD00007,30,286.55,PO0008,ing0008
PD00008,29,268.91,PO0009,ing0009
PD00009,16,251.5,PO0010,ing0010
PD00010,12,226.56,PO0011,ing0011
PD00011,12,265.73,PO0012,ing0012
PD00012,3,173.62,PO0013,ing0013
PD00013,15,152.99,PO0014,ing0014
PD00014,30,20.9,PO0015,ing0015
PD00015,28,226.99,PO0016,ing0016
PD00016,30,57.76,PO0017,ing0017
PD00017,25,177.02,PO0018,ing0018
PD00018,27,49.26,PO0019,ing0019
PD00019,5,252.46,PO0020,ing0020
PD00020,26,72.18,PO0021,ing0021
PD00021,15,60.98,PO0022,ing0022
PD00022,20,54.44,PO0023,ing0023
PD00023,9,118.27,PO0024,ing0024
PD00024,12,175.82,PO0025,ing0025
PD00025,17,185.46,PO0026,ing0026
PD00026,1,98.97,PO0027,ing0027
PD00027,18,192.47,PO0028,ing0028
PD00028,15,294.52,PO0029,ing0029
PD00029,14,81.65,PO0030,ing0030
PD00030,4,171.26,PO0031,ing0031
PD00031,30,187.62,PO0032,ing0032
PD00032,4,98.13,PO0033,ing0033
PD00033,1,155.37,PO0034,ing0034
PD00034,13,284.11,PO0035,ing0035
PD00035,26,146.1,PO0036,ing0036
PD00036,17,65.28,PO0037,ing0037
PD00037,13,160.25,PO0038,ing0038
PD00038,11,202.19,PO0039,ing0039
PD00039,17,123,PO0040,ing0040
PD00040,2,283.01,PO0041,ing0041
PD00041,1,138.05,PO0042,ing0042
PD00042,12,120.14,PO0043,ing0043
PD00043,6,132.79,PO0044,ing0044
PD00044,24,134.54,PO0045,ing0045
PD00045,6,157.78,PO0046,ing0046
PD00046,1,107.87,PO0047,ing0047
PD00047,10,156.17,PO0048,ing0048
PD00048,25,34.78,PO0049,ing0049
PD00049,14,284.89,PO0050,ing0050
PD00050,8,133.57,PO0051,ing0051
PD00051,17,184.94,PO0052,ing0052
PD00052,16,259.51,PO0053,ing0053
PD00053,1,157.12,PO0054,ing0054
PD00054,29,76.5,PO0055,ing0055
PD00055,14,77.68,PO0056,ing0056
PD00056,4,192.86,PO0057,ing0057
PD00057,24,33.78,PO0058,ing0058
PD00058,23,170.94,PO0059,ing0059
PD00059,27,141.25,PO0060,ing0060
PD00060,7,260.14,PO0061,ing0061
PD00061,22,188.74,PO0062,ing0062
PD00062,19,285.02,PO0063,ing0063
PD00063,24,95.89,PO0064,ing0064
PD00064,25,275.92,PO0065,ing0065
PD00065,17,89.56,PO0066,ing0066
PD00066,18,132.28,PO0067,ing0067
PD00067,28,234.81,PO0068,ing0068
PD00068,9,46.64,PO0069,ing0069
PD00069,28,73.04,PO0070,ing0070
PD00070,17,253.46,PO0071,ing0071
PD00071,30,190.29,PO0072,ing0072
PD00072,12,150.22,PO0073,ing0073
PD00073,7,231.12,PO0074,ing0074
PD00074,28,63.79,PO0075,ing0075
PD00075,28,132.47,PO0076,ing0076
PD00076,1,161.16,PO0077,ing0077
PD00077,26,52.83,PO0078,ing0078
PD00078,26,89.41,PO0079,ing0079
PD00079,5,224.93,PO0080,ing0080
PD00080,10,145.37,PO0081,ing0081
PD00081,15,196.8,PO0082,ing0082
PD00082,17,84.15,PO0083,ing0083
PD00083,19,154.93,PO0084,ing0084
PD00084,23,261.96,PO0085,ing0085
PD00085,2,259.15,PO0086,ing0086
PD00086,8,119.84,PO0087,ing0087
PD00087,28,51.38,PO0088,ing0088
PD00088,26,275.92,PO0089,ing0089
PD00089,15,237.81,PO0090,ing0090
PD00090,15,197.09,PO0091,ing0091
PD00091,15,168.46,PO0092,ing0092
PD00092,29,88.97,PO0093,ing0093
PD00093,12,99.3,PO0094,ing0094
PD00094,29,217.99,PO0095,ing0095
PD00095,1,73.61,PO0096,ing0096
PD00096,13,57.43,PO0097,ing0097
PD00097,13,106,PO0098,ing0098
PD00098,14,243.59,PO0099,ing0099
PD00099,7,66.91,PO0100,ing0100
PD00100,28,232.82,PO0001,ing0101
PD00101,29,299.48,PO0002,ing0102
PD00102,16,124.73,PO0003,ing0103
PD00103,16,171.9,PO0004,ing0104
PD00104,17,272.92,PO0005,ing0105
PD00105,3,191.35,PO0006,ing0106
PD00106,11,35.44,PO0007,ing0107
PD00107,28,269.07,PO0008,ing0108
PD00108,24,287.99,PO0009,ing0109
PD00109,2,21.44,PO0010,ing0110
PD00110,24,97.52,PO0011,ing0111
PD00111,13,279.2,PO0012,ing0112
PD00112,17,156.31,PO0013,ing0113
PD00113,24,101.03,PO0014,ing0114
PD00114,29,208.44,PO0015,ing0115
PD00115,8,82.7,PO0016,ing0116
PD00116,12,52.59,PO0017,ing0117
PD00117,18,101.07,PO0018,ing0118
PD00118,15,77.79,PO0019,ing0119
PD00119,30,50.15,PO0020,ing0120
PD00120,20,202.71,PO0021,ing0121
PD00121,12,44.8,PO0022,ing0122
PD00122,1,82.74,PO0023,ing0123
PD00123,28,262.22,PO0024,ing0124
PD00124,19,48.41,PO0025,ing0125
PD00125,3,80.76,PO0026,ing0001
PD00126,21,127.03,PO0027,ing0002
PD00127,29,193.91,PO0028,ing0003
PD00128,6,170.9,PO0029,ing0004
PD00129,1,70.87,PO0030,ing0005
PD00130,19,61.58,PO0031,ing0006
PD00131,21,227.27,PO0032,ing0007
PD00132,10,125.74,PO0033,ing0008
PD00133,4,224.59,PO0034,ing0009
PD00134,12,191.3,PO0035,ing0010
PD00135,30,110.01,PO0036,ing0011
PD00136,7,260.57,PO0037,ing0012
PD00137,25,159.3,PO0038,ing0013
PD00138,18,131.73,PO0039,ing0014
PD00139,7,32.36,PO0040,ing0015
PD00140,18,194.69,PO0041,ing0016
PD00141,14,188.33,PO0042,ing0017
PD00142,17,297.46,PO0043,ing0018
PD00143,19,99.94,PO0044,ing0019
PD00144,19,228.03,PO0045,ing0020
PD00145,30,118.7,PO0046,ing0021
PD00146,17,236.9,PO0047,ing0022
PD00147,20,208.38,PO0048,ing0023
PD00148,26,217.47,PO0049,ing0024
PD00149,17,292.65,PO0050,ing0025
PD00150,16,207.65,PO0051,ing0026
PD00151,2,225.68,PO0052,ing0027
PD00152,19,143.93,PO0053,ing0028
PD00153,13,82.22,PO0054,ing0029
PD00154,27,57.23,PO0055,ing0030
PD00155,10,159.59,PO0056,ing0031
PD00156,29,56.2,PO0057,ing0032
PD00157,20,155.21,PO0058,ing0033
PD00158,13,115.24,PO0059,ing0034
PD00159,5,22.69,PO0060,ing0035
PD00160,17,134.02,PO0061,ing0036
PD00161,17,82.65,PO0062,ing0037
PD00162,15,198.8,PO0063,ing0038
PD00163,6,32.57,PO0064,ing0039
PD00164,16,165.92,PO0065,ing0040
PD00165,24,248,PO0066,ing0041
PD00166,7,156.79,PO0067,ing0042
PD00167,26,53.06,PO0068,ing0043
PD00168,11,153.9,PO0069,ing0044
PD00169,25,207.36,PO0070,ing0045
PD00170,21,287.41,PO0071,ing0046
PD00171,29,166.31,PO0072,ing0047
PD00172,24,171.83,PO0073,ing0048
PD00173,13,138.26,PO0074,ing0049
PD00174,4,293.81,PO0075,ing0050
PD00175,19,158.18,PO0076,ing0051
PD00176,18,121.93,PO0077,ing0052
PD00177,18,186.3,PO0078,ing0053
PD00178,19,212.38,PO0079,ing0054
PD00179,12,137.55,PO0080,ing0055
PD00180,30,160.25,PO0081,ing0056
PD00181,21,114.73,PO0082,ing0057
PD00182,6,76.85,PO0083,ing0058
PD00183,22,253.72,PO0084,ing0059
PD00184,3,31.42,PO0085,ing0060
PD00185,1,142.79,PO0086,ing0061
PD00186,3,204.22,PO0087,ing0062
PD00187,28,193.73,PO0088,ing0063
PD00188,30,221.84,PO0089,ing0064
PD00189,26,247.95,PO0090,ing0065
PD00190,3,119.33,PO0091,ing0066
PD00191,18,112.7,PO0092,ing0067
PD00192,18,75.21,PO0093,ing0068
PD00193,18,269.82,PO0094,ing0069
PD00194,9,101.99,PO0095,ing0070
PD00195,21,291.6,PO0096,ing0071
PD00196,30,255.86,PO0097,ing0072
PD00197,5,234.09,PO0098,ing0073
PD00198,30,288.61,PO0099,ing0074
PD00199,29,54.48,PO0100,ing0075
PD00200,4,226.93,PO0001,ing0076
PD00201,3,228.08,PO0002,ing0077
PD00202,28,180.06,PO0003,ing0078
PD00203,6,150.4,PO0004,ing0079
PD00204,26,142.01,PO0005,ing0080
PD00205,25,289.8,PO0006,ing0081
PD00206,19,282.13,PO0007,ing0082
PD00207,16,275.42,PO0008,ing0083
PD00208,29,29.91,PO0009,ing0084
PD00209,25,99.36,PO0010,ing0085
PD00210,17,258.79,PO0011,ing0086
PD00211,19,217.57,PO0012,ing0087
PD00212,10,260.52,PO0013,ing0088
PD00213,6,123.31,PO0014,ing0089
PD00214,12,39.74,PO0015,ing0090
PD00215,23,31.36,PO0016,ing0091
PD00216,30,159.33,PO0017,ing0092
PD00217,18,278.56,PO0018,ing0093
PD00218,2,138.05,PO0019,ing0094
PD00219,11,211.55,PO0020,ing0095
PD00220,24,25,PO0021,ing0096
PD00221,26,176.5,PO0022,ing0097
PD00222,5,240.66,PO0023,ing0098
PD00223,21,151.13,PO0024,ing0099
PD00224,22,34.79,PO0025,ing0100
PD00225,17,218.02,PO0026,ing0101
PD00226,11,151.59,PO0027,ing0102
PD00227,1,266.53,PO0028,ing0103
PD00228,18,135.34,PO0029,ing0104
PD00229,26,32.14,PO0030,ing0105
PD00230,15,198.34,PO0031,ing0106
PD00231,28,37.14,PO0032,ing0107
PD00232,6,88.08,PO0033,ing0108
PD00233,18,272.39,PO0034,ing0109
PD00234,3,88.55,PO0035,ing0110
PD00235,14,146.79,PO0036,ing0111
PD00236,3,235.91,PO0037,ing0112
PD00237,4,243.95,PO0038,ing0113
PD00238,22,31.4,PO0039,ing0114
PD00239,24,73.22,PO0040,ing0115
PD00240,23,235.68,PO0041,ing0116
PD00241,24,48.04,PO0042,ing0117
PD00242,24,117.14,PO0043,ing0118
PD00243,6,68.84,PO0044,ing0119
PD00244,7,163.44,PO0045,ing0120
PD00245,24,74.76,PO0046,ing0121
PD00246,5,29.09,PO0047,ing0122
PD00247,26,58.16,PO0048,ing0123
PD00248,8,121.97,PO0049,ing0124
PD00249,16,126.26,PO0050,ing0125
PD00250,5,278.26,PO0051,ing0001
PD00251,29,235.06,PO0052,ing0002
PD00252,28,271.36,PO0053,ing0003
PD00253,10,171.17,PO0054,ing0004
PD00254,28,226.33,PO0055,ing0005
PD00255,11,73.97,PO0056,ing0006
PD00256,15,298.28,PO0057,ing0007
PD00257,15,279.69,PO0058,ing0008
PD00258,28,261.71,PO0059,ing0009
PD00259,17,69.56,PO0060,ing0010
PD00260,26,31.75,PO0061,ing0011
PD00261,21,126.92,PO0062,ing0012
PD00262,14,188.88,PO0063,ing0013
PD00263,6,239.89,PO0064,ing0014
PD00264,22,256.19,PO0065,ing0015
PD00265,12,192.68,PO0066,ing0016
PD00266,24,96.52,PO0067,ing0017
PD00267,26,77.86,PO0068,ing0018
PD00268,10,77.6,PO0069,ing0019
PD00269,18,60.56,PO0070,ing0020
PD00270,18,188.47,PO0071,ing0021
PD00271,16,223.06,PO0072,ing0022
PD00272,30,251.6,PO0073,ing0023
PD00273,25,75.55,PO0074,ing0024
PD00274,19,135.13,PO0075,ing0025
PD00275,22,40.24,PO0076,ing0026
PD00276,6,78.02,PO0077,ing0027
PD00277,1,184.75,PO0078,ing0028
PD00278,2,270.25,PO0079,ing0029
PD00279,28,216.07,PO0080,ing0030
PD00280,24,200.85,PO0081,ing0031
PD00281,30,112.63,PO0082,ing0032
PD00282,13,23.04,PO0083,ing0033
PD00283,17,261.4,PO0084,ing0034
PD00284,27,61.03,PO0085,ing0035
PD00285,28,178.92,PO0086,ing0036
PD00286,10,191.73,PO0087,ing0037
PD00287,24,112.68,PO0088,ing0038
PD00288,27,191.17,PO0089,ing0039
PD00289,22,282.32,PO0090,ing0040
PD00290,26,92.04,PO0091,ing0041
PD00291,19,120.97,PO0092,ing0042
PD00292,11,205.83,PO0093,ing0043
PD00293,13,239.27,PO0094,ing0044
PD00294,18,288.74,PO0095,ing0045
PD00295,26,175.44,PO0096,ing0046
PD00296,9,147.51,PO0097,ing0047
PD00297,20,129.33,PO0098,ing0048
PD00298,24,146.56,PO0099,ing0049
PD00299,8,82.6,PO0100,ing0050
PD00300,6,184.92,PO0001,ing0051
PD00301,17,48.66,PO0002,ing0052
PD00302,2,75.74,PO0003,ing0053
PD00303,12,44.54,PO0004,ing0054
PD00304,27,254.67,PO0005,ing0055
PD00305,9,104.67,PO0006,ing0056
PD00306,3,115.37,PO0007,ing0057
PD00307,25,139.46,PO0008,ing0058
PD00308,11,282.28,PO0009,ing0059
PD00309,3,148.55,PO0010,ing0060
PD00310,14,128.76,PO0011,ing0061
PD00311,23,59.87,PO0012,ing0062
PD00312,1,150.75,PO0013,ing0063
PD00313,28,233.8,PO0014,ing0064
PD00314,24,253.25,PO0015,ing0065
PD00315,16,277.91,PO0016,ing0066
PD00316,21,286.93,PO0017,ing0067
PD00317,15,36.46,PO0018,ing0068
PD00318,11,61.12,PO0019,ing0069
PD00319,8,154.52,PO0020,ing0070
PD00320,15,289.31,PO0021,ing0071
PD00321,27,286.69,PO0022,ing0072
PD00322,15,213.03,PO0023,ing0073
PD00323,11,75.11,PO0024,ing0074
PD00324,5,202.65,PO0025,ing0075
PD00325,23,195.93,PO0026,ing0076
PD00326,15,107.81,PO0027,ing0077
PD00327,30,40.24,PO0028,ing0078
PD00328,23,232.85,PO0029,ing0079
PD00329,16,273.17,PO0030,ing0080
PD00330,20,228.67,PO0031,ing0081
PD00331,4,224.23,PO0032,ing0082
PD00332,4,158.48,PO0033,ing0083
PD00333,3,34.38,PO0034,ing0084
PD00334,2,261.42,PO0035,ing0085
PD00335,4,101.92,PO0036,ing0086
PD00336,17,198.45,PO0037,ing0087
PD00337,5,268.09,PO0038,ing0088
PD00338,14,280.05,PO0039,ing0089
PD00339,19,81.96,PO0040,ing0090
PD00340,29,174.34,PO0041,ing0091
PD00341,3,105.43,PO0042,ing0092
PD00342,26,224.48,PO0043,ing0093
PD00343,20,179.29,PO0044,ing0094
PD00344,1,55.19,PO0045,ing0095
PD00345,1,130.25,PO0046,ing0096
PD00346,29,133.4,PO0047,ing0097
PD00347,20,264.82,PO0048,ing0098
PD00348,3,298.46,PO0049,ing0099
PD00349,29,158.31,PO0050,ing0100
PD00350,1,229.15,PO0051,ing0101
PD00351,29,122.31,PO0052,ing0102
PD00352,1,283.1,PO0053,ing0103
PD00353,17,294.46,PO0054,ing0104
PD00354,7,237.59,PO0055,ing0105
PD00355,2,225.14,PO0056,ing0106
PD00356,26,41.74,PO0057,ing0107
PD00357,11,108.87,PO0058,ing0108
PD00358,21,130.58,PO0059,ing0109
PD00359,22,147.04,PO0060,ing0110
PD00360,27,172.52,PO0061,ing0111
PD00361,21,119.98,PO0062,ing0112
PD00362,27,23.3,PO0063,ing0113
PD00363,17,41.5,PO0064,ing0114
PD00364,18,251.84,PO0065,ing0115
PD00365,27,211.6,PO0066,ing0116
PD00366,8,135.62,PO0067,ing0117
PD00367,4,260.56,PO0068,ing0118
PD00368,20,274.3,PO0069,ing0119
PD00369,9,92.15,PO0070,ing0120
PD00370,4,233.49,PO0071,ing0121
PD00371,14,267.46,PO0072,ing0122
PD00372,6,245.38,PO0073,ing0123
PD00373,22,249.67,PO0074,ing0124
PD00374,8,264.95,PO0075,ing0125
PD00375,27,47.56,PO0076,ing0001
PD00376,17,250.71,PO0077,ing0002
PD00377,27,167.45,PO0078,ing0003
PD00378,9,219.38,PO0079,ing0004
PD00379,23,22.98,PO0080,ing0005
PD00380,20,84.79,PO0081,ing0006
PD00381,2,239.7,PO0082,ing0007
PD00382,20,270.35,PO0083,ing0008
PD00383,5,119.7,PO0084,ing0009
PD00384,20,189.67,PO0085,ing0010
PD00385,21,166.03,PO0086,ing0011
PD00386,16,71.54,PO0087,ing0012
PD00387,15,255.71,PO0088,ing0013
PD00388,16,105.68,PO0089,ing0014
PD00389,16,76.98,PO0090,ing0015
PD00390,29,35.29,PO0091,ing0016
PD00391,3,20.66,PO0092,ing0017
PD00392,25,109.39,PO0093,ing0018
PD00393,20,39.58,PO0094,ing0019
PD00394,19,68.48,PO0095,ing0020
PD00395,10,217.17,PO0096,ing0021
PD00396,11,197.13,PO0097,ing0022
PD00397,2,208.66,PO0098,ing0023
PD00398,22,171.55,PO0099,ing0024
PD00399,18,261.55,PO0100,ing0025
PD00400,6,29.4,PO0001,ing0026
PD00401,8,27.81,PO0002,ing0027
PD00402,19,183.52,PO0003,ing0028
PD00403,15,63.43,PO0004,ing0029
PD00404,22,169.48,PO0005,ing0030
PD00405,10,95.86,PO0006,ing0031
PD00406,21,104.32,PO0007,ing0032
PD00407,11,204.77,PO0008,ing0033
PD00408,20,181.64,PO0009,ing0034
PD00409,28,296.28,PO0010,ing0035
PD00410,27,59.56,PO0011,ing0036
PD00411,24,295.57,PO0012,ing0037
PD00412,23,290.32,PO0013,ing0038
PD00413,24,266.37,PO0014,ing0039
PD00414,1,212.48,PO0015,ing0040
PD00415,30,208.41,PO0016,ing0041
PD00416,11,154.89,PO0017,ing0042
PD00417,16,77.27,PO0018,ing0043
PD00418,2,296.52,PO0019,ing0044
PD00419,23,241.65,PO0020,ing0045
PD00420,19,50,PO0021,ing0046
PD00421,30,77.9,PO0022,ing0047
PD00422,25,204.43,PO0023,ing0048
PD00423,4,149.25,PO0024,ing0049
PD00424,22,220.97,PO0025,ing0050
PD00425,5,160.82,PO0026,ing0051
PD00426,15,24.14,PO0027,ing0052
PD00427,17,262.6,PO0028,ing0053
PD00428,5,41.35,PO0029,ing0054
PD00429,29,262.46,PO0030,ing0055
PD00430,5,284.41,PO0031,ing0056
PD00431,15,27.69,PO0032,ing0057
PD00432,1,161.63,PO0033,ing0058
PD00433,16,175.13,PO0034,ing0059
PD00434,26,177.33,PO0035,ing0060
PD00435,29,192.04,PO0036,ing0061
PD00436,12,225.19,PO0037,ing0062
PD00437,4,160.69,PO0038,ing0063
PD00438,2,276.63,PO0039,ing0064
PD00439,28,240.58,PO0040,ing0065
PD00440,12,278.17,PO0041,ing0066
PD00441,13,289.72,PO0042,ing0067
PD00442,18,277.41,PO0043,ing0068
PD00443,7,220.11,PO0044,ing0069
PD00444,26,249.09,PO0045,ing0070
PD00445,19,89.06,PO0046,ing0071
PD00446,24,170.25,PO0047,ing0072
PD00447,8,214.86,PO0048,ing0073
PD00448,29,143.82,PO0049,ing0074
PD00449,30,283.24,PO0050,ing0075
PD00450,7,260.38,PO0051,ing0076
PD00451,4,72.95,PO0052,ing0077
PD00452,5,120.42,PO0053,ing0078
PD00453,8,102.33,PO0054,ing0079
PD00454,25,97.61,PO0055,ing0080
PD00455,8,223.94,PO0056,ing0081
PD00456,27,259.85,PO0057,ing0082
PD00457,18,24.67,PO0058,ing0083
PD00458,18,193.47,PO0059,ing0084
PD00459,17,180.27,PO0060,ing0085
PD00460,19,127.23,PO0061,ing0086
PD00461,19,84.15,PO0062,ing0087
PD00462,25,68.4,PO0063,ing0088
PD00463,10,117.52,PO0064,ing0089
PD00464,23,146.42,PO0065,ing0090
PD00465,12,208.85,PO0066,ing0091
PD00466,11,256.74,PO0067,ing0092
PD00467,8,263.43,PO0068,ing0093
PD00468,23,29.29,PO0069,ing0094
PD00469,30,284.75,PO0070,ing0095
PD00470,26,225.86,PO0071,ing0096
PD00471,30,141.23,PO0072,ing0097
PD00472,23,83.82,PO0073,ing0098
PD00473,6,267.53,PO0074,ing0099
PD00474,28,225.59,PO0075,ing0100
PD00475,29,98.84,PO0076,ing0101
PD00476,16,163.84,PO0077,ing0102
PD00477,22,155.74,PO0078,ing0103
PD00478,17,152.52,PO0079,ing0104
PD00479,29,194.42,PO0080,ing0105
PD00480,1,64.48,PO0081,ing0106
PD00481,3,140.4,PO0082,ing0107
PD00482,16,99.22,PO0083,ing0108
PD00483,1,122.01,PO0084,ing0109
PD00484,23,117.28,PO0085,ing0110
PD00485,21,127.96,PO0086,ing0111
PD00486,19,204.79,PO0087,ing0112
PD00487,19,270.43,PO0088,ing0113
PD00488,12,197.06,PO0089,ing0114
PD00489,1,230.58,PO0090,ing0115
PD00490,26,34.02,PO0091,ing0116
PD00491,27,213.19,PO0092,ing0117
PD00492,10,286.93,PO0093,ing0118
PD00493,7,265.17,PO0094,ing0119
PD00494,23,136.1,PO0095,ing0120
PD00495,1,286.24,PO0096,ing0121
PD00496,14,186.05,PO0097,ing0122
PD00497,4,268.65,PO0098,ing0123
PD00498,4,59.97,PO0099,ing0124
PD00499,26,45.68,PO0100,ing0125
PD00500,26,127.27,PO0001,ing0001
PD00501,30,246.89,PO0002,ing0002
PD00502,25,126.96,PO0003,ing0003
PD00503,17,86.15,PO0004,ing0004
PD00504,21,190.56,PO0005,ing0005
PD00505,12,73.21,PO0006,ing0006
PD00506,18,145.41,PO0007,ing0007
PD00507,5,78.58,PO0008,ing0008
PD00508,1,141.45,PO0009,ing0009
PD00509,16,71.12,PO0010,ing0010
PD00510,23,263.26,PO0011,ing0011
PD00511,15,64.28,PO0012,ing0012
PD00512,3,168.38,PO0013,ing0013
PD00513,2,276.27,PO0014,ing0014
PD00514,26,114.43,PO0015,ing0015
PD00515,22,58.43,PO0016,ing0016
PD00516,1,188.61,PO0017,ing0017
PD00517,21,40.78,PO0018,ing0018
PD00518,19,24.98,PO0019,ing0019
PD00519,20,207.61,PO0020,ing0020
PD00520,30,198.11,PO0021,ing0021
PD00521,10,134.13,PO0022,ing0022
PD00522,15,251.31,PO0023,ing0023
PD00523,20,263.05,PO0024,ing0024
PD00524,24,298.09,PO0025,ing0025
PD00525,9,238.21,PO0026,ing0026
PD00526,22,83.49,PO0027,ing0027
PD00527,4,212.6,PO0028,ing0028
PD00528,22,20.69,PO0029,ing0029
PD00529,13,135.48,PO0030,ing0030
PD00530,24,141.72,PO0031,ing0031
PD00531,9,100.14,PO0032,ing0032
PD00532,30,206.64,PO0033,ing0033
PD00533,18,157.37,PO0034,ing0034
PD00534,12,170.72,PO0035,ing0035
PD00535,19,181.43,PO0036,ing0036
PD00536,25,99.12,PO0037,ing0037
PD00537,15,198.4,PO0038,ing0038
PD00538,18,254.07,PO0039,ing0039
PD00539,10,156.28,PO0040,ing0040
PD00540,12,177.6,PO0041,ing0041
PD00541,8,98.58,PO0042,ing0042
PD00542,19,278.93,PO0043,ing0043
PD00543,26,115.8,PO0044,ing0044
PD00544,22,258.29,PO0045,ing0045
PD00545,26,160.33,PO0046,ing0046
PD00546,26,203.02,PO0047,ing0047
PD00547,29,236.65,PO0048,ing0048
PD00548,7,150.31,PO0049,ing0049
PD00549,7,116.67,PO0050,ing0050
PD00550,10,275.66,PO0051,ing0051
PD00551,27,188.79,PO0052,ing0052
PD00552,17,141.46,PO0053,ing0053
PD00553,14,291.19,PO0054,ing0054
PD00554,25,201.13,PO0055,ing0055
PD00555,1,216.63,PO0056,ing0056
PD00556,3,177.62,PO0057,ing0057
PD00557,16,117.61,PO0058,ing0058
PD00558,2,233.6,PO0059,ing0059
PD00559,1,54.71,PO0060,ing0060
PD00560,26,149.03,PO0061,ing0061
PD00561,28,259.52,PO0062,ing0062
PD00562,14,38.46,PO0063,ing0063
PD00563,21,226.96,PO0064,ing0064
PD00564,8,259.7,PO0065,ing0065
PD00565,24,199.27,PO0066,ing0066
PD00566,1,238.18,PO0067,ing0067
PD00567,14,53.21,PO0068,ing0068
PD00568,17,125.76,PO0069,ing0069
PD00569,12,229.56,PO0070,ing0070
PD00570,11,299.04,PO0071,ing0071
PD00571,14,220.38,PO0072,ing0072
PD00572,16,228.81,PO0073,ing0073
PD00573,12,37.43,PO0074,ing0074
PD00574,2,122.84,PO0075,ing0075
PD00575,29,109.98,PO0076,ing0076
PD00576,15,32.74,PO0077,ing0077
PD00577,24,230.51,PO0078,ing0078
PD00578,9,25.88,PO0079,ing0079
PD00579,28,288.39,PO0080,ing0080
PD00580,27,60.34,PO0081,ing0081
PD00581,3,111.6,PO0082,ing0082
PD00582,7,171.9,PO0083,ing0083
PD00583,26,204.56,PO0084,ing0084
PD00584,26,46.86,PO0085,ing0085
PD00585,27,261.98,PO0086,ing0086
PD00586,22,53.05,PO0087,ing0087
PD00587,28,88.76,PO0088,ing0088
PD00588,21,117.48,PO0089,ing0089
PD00589,26,230.05,PO0090,ing0090
PD00590,6,245.24,PO0091,ing0091
PD00591,20,83.5,PO0092,ing0092
PD00592,9,244.3,PO0093,ing0093
PD00593,8,252.03,PO0094,ing0094
PD00594,27,163.44,PO0095,ing0095
PD00595,26,64.33,PO0096,ing0096
PD00596,28,181.78,PO0097,ing0097
PD00597,20,135.04,PO0098,ing0098
PD00598,8,180.41,PO0099,ing0099
PD00599,26,168.99,PO0100,ing0100
PD00600,11,94.95,PO0001,ing0101
PD00601,24,282.67,PO0002,ing0102
PD00602,30,60.87,PO0003,ing0103
PD00603,30,91.52,PO0004,ing0104
PD00604,22,260.75,PO0005,ing0105
PD00605,8,125.3,PO0006,ing0106
PD00606,24,215.14,PO0007,ing0107
PD00607,28,121.33,PO0008,ing0108
PD00608,16,289.45,PO0009,ing0109
PD00609,18,206.03,PO0010,ing0110
PD00610,7,200.43,PO0011,ing0111
PD00611,10,28.94,PO0012,ing0112
PD00612,30,275.16,PO0013,ing0113
PD00613,3,108.16,PO0014,ing0114
PD00614,16,214.29,PO0015,ing0115
PD00615,2,112.68,PO0016,ing0116
PD00616,16,140.56,PO0017,ing0117
PD00617,12,155.43,PO0018,ing0118
PD00618,25,31.4,PO0019,ing0119
PD00619,7,88.43,PO0020,ing0120
PD00620,28,58.1,PO0021,ing0121
PD00621,9,176.72,PO0022,ing0122
PD00622,17,143.73,PO0023,ing0123
PD00623,18,269.28,PO0024,ing0124
PD00624,16,286.36,PO0025,ing0125
PD00625,10,62.65,PO0026,ing0001
PD00626,4,141.11,PO0027,ing0002
PD00627,28,177.24,PO0028,ing0003
PD00628,11,24.28,PO0029,ing0004
PD00629,5,236.06,PO0030,ing0005
PD00630,1,273.49,PO0031,ing0006
PD00631,29,239.16,PO0032,ing0007
PD00632,2,31.23,PO0033,ing0008
PD00633,24,267.22,PO0034,ing0009
PD00634,12,221.89,PO0035,ing0010
PD00635,19,72.76,PO0036,ing0011
PD00636,15,197.88,PO0037,ing0012
PD00637,12,149.39,PO0038,ing0013
PD00638,18,90.75,PO0039,ing0014
PD00639,18,248.28,PO0040,ing0015
PD00640,7,51.43,PO0041,ing0016
PD00641,11,75.27,PO0042,ing0017
PD00642,28,216.65,PO0043,ing0018
PD00643,29,173.42,PO0044,ing0019
PD00644,25,96.27,PO0045,ing0020
PD00645,13,194.74,PO0046,ing0021
PD00646,15,176.3,PO0047,ing0022
PD00647,6,227.78,PO0048,ing0023
PD00648,24,97.24,PO0049,ing0024
PD00649,20,144.29,PO0050,ing0025
PD00650,29,189.44,PO0051,ing0026
PD00651,3,258.02,PO0052,ing0027
PD00652,13,227.29,PO0053,ing0028
PD00653,7,296.47,PO0054,ing0029
PD00654,18,199.82,PO0055,ing0030
PD00655,30,29.48,PO0056,ing0031
PD00656,13,298.31,PO0057,ing0032
PD00657,14,282.83,PO0058,ing0033
PD00658,16,110.3,PO0059,ing0034
PD00659,28,215.78,PO0060,ing0035
PD00660,20,83.2,PO0061,ing0036
PD00661,8,39.91,PO0062,ing0037
PD00662,22,294.33,PO0063,ing0038
PD00663,5,209.18,PO0064,ing0039
PD00664,23,260.34,PO0065,ing0040
PD00665,8,124.79,PO0066,ing0041
PD00666,21,182.72,PO0067,ing0042
PD00667,17,60.14,PO0068,ing0043
PD00668,11,262.28,PO0069,ing0044
PD00669,8,93.51,PO0070,ing0045
PD00670,20,235.08,PO0071,ing0046
PD00671,3,285.78,PO0072,ing0047
PD00672,27,40.41,PO0073,ing0048
PD00673,21,294.64,PO0074,ing0049
PD00674,21,260.77,PO0075,ing0050
PD00675,8,37.92,PO0076,ing0051
PD00676,29,181.97,PO0077,ing0052
PD00677,21,185.16,PO0078,ing0053
PD00678,28,243.42,PO0079,ing0054
PD00679,10,62.79,PO0080,ing0055
PD00680,28,293.51,PO0081,ing0056
PD00681,1,70.58,PO0082,ing0057
PD00682,10,87.16,PO0083,ing0058
PD00683,8,163.09,PO0084,ing0059
PD00684,7,213.02,PO0085,ing0060
PD00685,23,272.14,PO0086,ing0061
PD00686,23,194.54,PO0087,ing0062
PD00687,23,82.26,PO0088,ing0063
PD00688,25,80.34,PO0089,ing0064
PD00689,27,218.03,PO0090,ing0065
PD00690,1,100.28,PO0091,ing0066
PD00691,8,170.75,PO0092,ing0067
PD00692,16,63.33,PO0093,ing0068
PD00693,14,153.18,PO0094,ing0069
PD00694,8,248.1,PO0095,ing0070
PD00695,8,264.26,PO0096,ing0071
PD00696,21,25.98,PO0097,ing0072
PD00697,15,240.9,PO0098,ing0073
PD00698,19,96.1,PO0099,ing0074
PD00699,22,190.9,PO0100,ing0075
PD00700,27,127.55,PO0001,ing0076
PD00701,16,208.95,PO0002,ing0077
PD00702,24,126.7,PO0003,ing0078
PD00703,19,85.27,PO0004,ing0079
PD00704,12,246.23,PO0005,ing0080
PD00705,13,46.02,PO0006,ing0081
PD00706,28,291.65,PO0007,ing0082
PD00707,20,73.28,PO0008,ing0083
PD00708,11,256.59,PO0009,ing0084
PD00709,22,189.22,PO0010,ing0085
PD00710,10,213.21,PO0011,ing0086
PD00711,25,259.34,PO0012,ing0087
PD00712,1,222.87,PO0013,ing0088
PD00713,10,235.37,PO0014,ing0089
PD00714,19,146.18,PO0015,ing0090
PD00715,11,91.68,PO0016,ing0091
PD00716,14,107.06,PO0017,ing0092
PD00717,2,110.98,PO0018,ing0093
PD00718,5,293.06,PO0019,ing0094
PD00719,8,205.36,PO0020,ing0095
PD00720,12,133.87,PO0021,ing0096
PD00721,20,166.32,PO0022,ing0097
PD00722,5,287.64,PO0023,ing0098
PD00723,14,270.16,PO0024,ing0099
PD00724,15,240,PO0025,ing0100
PD00725,5,89.6,PO0026,ing0101
PD00726,17,66.63,PO0027,ing0102
PD00727,14,226.34,PO0028,ing0103
PD00728,2,286.64,PO0029,ing0104
PD00729,30,252.35,PO0030,ing0105
PD00730,2,211.45,PO0031,ing0106
PD00731,14,58.84,PO0032,ing0107
PD00732,3,68.89,PO0033,ing0108
PD00733,4,230.69,PO0034,ing0109
PD00734,7,169.86,PO0035,ing0110
PD00735,24,126.09,PO0036,ing0111
PD00736,2,263.06,PO0037,ing0112
PD00737,5,121.95,PO0038,ing0113
PD00738,3,83.65,PO0039,ing0114
PD00739,17,33.58,PO0040,ing0115
PD00740,15,66.3,PO0041,ing0116
PD00741,24,223.63,PO0042,ing0117
PD00742,25,274.08,PO0043,ing0118
PD00743,8,195.03,PO0044,ing0119
PD00744,7,75.52,PO0045,ing0120
PD00745,28,266.36,PO0046,ing0121
PD00746,30,161.94,PO0047,ing0122
PD00747,29,248.83,PO0048,ing0123
PD00748,19,266.18,PO0049,ing0124
PD00749,29,178.3,PO0050,ing0125
PD00750,20,244.62,PO0051,ing0001
PD00751,21,298.48,PO0052,ing0002
PD00752,19,121.2,PO0053,ing0003
PD00753,21,89.86,PO0054,ing0004
PD00754,17,290.12,PO0055,ing0005
PD00755,17,120.39,PO0056,ing0006
PD00756,4,183.9,PO0057,ing0007
PD00757,11,220.37,PO0058,ing0008
PD00758,22,196.23,PO0059,ing0009
PD00759,12,44.14,PO0060,ing0010
PD00760,10,206.19,PO0061,ing0011
PD00761,11,66.02,PO0062,ing0012
PD00762,15,117.8,PO0063,ing0013
PD00763,7,69.3,PO0064,ing0014
PD00764,28,288.83,PO0065,ing0015
PD00765,18,116,PO0066,ing0016
PD00766,22,44.37,PO0067,ing0017
PD00767,4,179.44,PO0068,ing0018
PD00768,25,67.13,PO0069,ing0019
PD00769,20,219.06,PO0070,ing0020
PD00770,7,23.8,PO0071,ing0021
PD00771,4,49.13,PO0072,ing0022
PD00772,8,46.36,PO0073,ing0023
PD00773,29,83.23,PO0074,ing0024
PD00774,8,112.58,PO0075,ing0025
PD00775,14,78.43,PO0076,ing0026
PD00776,19,83.85,PO0077,ing0027
PD00777,25,37.98,PO0078,ing0028
PD00778,17,27.79,PO0079,ing0029
PD00779,30,154.74,PO0080,ing0030
PD00780,19,269.46,PO0081,ing0031
PD00781,19,182.66,PO0082,ing0032
PD00782,30,205.3,PO0083,ing0033
PD00783,10,207.66,PO0084,ing0034
PD00784,21,197.55,PO0085,ing0035
PD00785,8,34.69,PO0086,ing0036
PD00786,12,90.6,PO0087,ing0037
PD00787,11,296.02,PO0088,ing0038
PD00788,12,238.8,PO0089,ing0039
PD00789,6,115.83,PO0090,ing0040
PD00790,12,230.19,PO0091,ing0041
PD00791,15,22.57,PO0092,ing0042
PD00792,7,222.32,PO0093,ing0043
PD00793,27,236.34,PO0094,ing0044
PD00794,6,24.92,PO0095,ing0045
PD00795,14,93.09,PO0096,ing0046
PD00796,14,298.89,PO0097,ing0047
PD00797,4,290.78,PO0098,ing0048
PD00798,29,86.45,PO0099,ing0049
PD00799,7,131.49,PO0100,ing0050
PD00800,24,161.78,PO0001,ing0051
PD00801,15,20.82,PO0002,ing0052
PD00802,19,267.37,PO0003,ing0053
PD00803,10,45.01,PO0004,ing0054
PD00804,28,76.94,PO0005,ing0055
PD00805,24,285.21,PO0006,ing0056
PD00806,24,291.64,PO0007,ing0057
PD00807,6,200.6,PO0008,ing0058
PD00808,18,273.54,PO0009,ing0059
PD00809,24,298.52,PO0010,ing0060
PD00810,18,233.08,PO0011,ing0061
PD00811,18,232.27,PO0012,ing0062
PD00812,23,298.76,PO0013,ing0063
PD00813,12,64.27,PO0014,ing0064
PD00814,15,38.75,PO0015,ing0065
PD00815,13,158.88,PO0016,ing0066
PD00816,21,260.53,PO0017,ing0067
PD00817,18,63.07,PO0018,ing0068
PD00818,5,206.05,PO0019,ing0069
PD00819,29,272.64,PO0020,ing0070
PD00820,22,95.42,PO0021,ing0071
PD00821,5,33.43,PO0022,ing0072
PD00822,10,120.81,PO0023,ing0073
PD00823,20,168.43,PO0024,ing0074
PD00824,29,116.49,PO0025,ing0075
PD00825,1,271.23,PO0026,ing0076
PD00826,1,266.74,PO0027,ing0077
PD00827,28,46.28,PO0028,ing0078
PD00828,4,241.72,PO0029,ing0079
PD00829,8,72.31,PO0030,ing0080
PD00830,17,266.69,PO0031,ing0081
PD00831,15,136.01,PO0032,ing0082
PD00832,20,92.28,PO0033,ing0083
PD00833,20,104.43,PO0034,ing0084
PD00834,29,140.81,PO0035,ing0085
PD00835,3,291.03,PO0036,ing0086
PD00836,25,57.57,PO0037,ing0087
PD00837,30,212.04,PO0038,ing0088
PD00838,27,207.04,PO0039,ing0089
PD00839,13,106.6,PO0040,ing0090
PD00840,17,227.69,PO0041,ing0091
PD00841,20,157.42,PO0042,ing0092
PD00842,4,182.82,PO0043,ing0093
PD00843,16,174.23,PO0044,ing0094
PD00844,14,235.56,PO0045,ing0095
PD00845,9,226.22,PO0046,ing0096
PD00846,17,120.74,PO0047,ing0097
PD00847,26,128.34,PO0048,ing0098
PD00848,17,101.57,PO0049,ing0099
PD00849,21,84.03,PO0050,ing0100
PD00850,2,238.15,PO0051,ing0101
PD00851,29,208.17,PO0052,ing0102
PD00852,1,198.51,PO0053,ing0103
PD00853,15,131.2,PO0054,ing0104
PD00854,25,111.99,PO0055,ing0105
PD00855,20,104.82,PO0056,ing0106
PD00856,24,127.35,PO0057,ing0107
PD00857,23,226.15,PO0058,ing0108
PD00858,30,143.11,PO0059,ing0109
PD00859,27,73.66,PO0060,ing0110
PD00860,18,77.32,PO0061,ing0111
PD00861,15,52.97,PO0062,ing0112
PD00862,21,296.73,PO0063,ing0113
PD00863,23,194.31,PO0064,ing0114
PD00864,27,82.63,PO0065,ing0115
PD00865,14,53.3,PO0066,ing0116
PD00866,29,250.89,PO0067,ing0117
PD00867,12,52.77,PO0068,ing0118
PD00868,20,150.92,PO0069,ing0119
PD00869,30,162.2,PO0070,ing0120
PD00870,5,236.91,PO0071,ing0121
PD00871,13,250.06,PO0072,ing0122
PD00872,11,74.67,PO0073,ing0123
PD00873,24,267.67,PO0074,ing0124
PD00874,7,193.83,PO0075,ing0125
PD00875,9,225.16,PO0076,ing0001
PD00876,3,187.17,PO0077,ing0002
PD00877,20,119.1,PO0078,ing0003
PD00878,28,145.35,PO0079,ing0004
PD00879,16,22.64,PO0080,ing0005
PD00880,15,280.02,PO0081,ing0006
PD00881,3,255.35,PO0082,ing0007
PD00882,1,297.18,PO0083,ing0008
PD00883,15,270.52,PO0084,ing0009
PD00884,14,188.42,PO0085,ing0010
PD00885,24,208.9,PO0086,ing0011
PD00886,17,71.28,PO0087,ing0012
PD00887,2,148.27,PO0088,ing0013
PD00888,23,62.55,PO0089,ing0014
PD00889,23,236.43,PO0090,ing0015
PD00890,28,279.28,PO0091,ing0016
PD00891,8,244.2,PO0092,ing0017
PD00892,27,95.35,PO0093,ing0018
PD00893,11,198.4,PO0094,ing0019
PD00894,28,21.46,PO0095,ing0020
PD00895,1,31.01,PO0096,ing0021
PD00896,26,140.04,PO0097,ing0022
PD00897,18,143.58,PO0098,ing0023
PD00898,1,284.77,PO0099,ing0024
PD00899,16,40.49,PO0100,ing0025
PD00900,21,81.92,PO0001,ing0026
PD00901,23,293.04,PO0002,ing0027
PD00902,20,111.37,PO0003,ing0028
PD00903,3,170.61,PO0004,ing0029
PD00904,26,158.91,PO0005,ing0030
PD00905,14,117.76,PO0006,ing0031
PD00906,24,59.97,PO0007,ing0032
PD00907,15,118.37,PO0008,ing0033
PD00908,23,54,PO0009,ing0034
PD00909,3,216.81,PO0010,ing0035
PD00910,28,173.94,PO0011,ing0036
PD00911,14,190.62,PO0012,ing0037
PD00912,19,289.1,PO0013,ing0038
PD00913,24,169.97,PO0014,ing0039
PD00914,8,45.22,PO0015,ing0040
PD00915,9,226.02,PO0016,ing0041
PD00916,29,153.22,PO0017,ing0042
PD00917,12,110.31,PO0018,ing0043
PD00918,3,188.27,PO0019,ing0044
PD00919,30,217.69,PO0020,ing0045
PD00920,29,193.31,PO0021,ing0046
PD00921,29,226.99,PO0022,ing0047
PD00922,5,262.57,PO0023,ing0048
PD00923,11,107.96,PO0024,ing0049
PD00924,29,112.34,PO0025,ing0050
PD00925,15,28.41,PO0026,ing0051
PD00926,15,174.89,PO0027,ing0052
PD00927,17,268.42,PO0028,ing0053
PD00928,13,267.18,PO0029,ing0054
PD00929,1,93.74,PO0030,ing0055
PD00930,15,285.36,PO0031,ing0056
PD00931,5,283.61,PO0032,ing0057
PD00932,11,93.87,PO0033,ing0058
PD00933,14,286.32,PO0034,ing0059
PD00934,23,193.18,PO0035,ing0060
PD00935,7,217.93,PO0036,ing0061
PD00936,25,273.82,PO0037,ing0062
PD00937,13,111.5,PO0038,ing0063
PD00938,13,42.18,PO0039,ing0064
PD00939,12,215.24,PO0040,ing0065
PD00940,16,105.67,PO0041,ing0066
PD00941,10,79.59,PO0042,ing0067
PD00942,18,63.34,PO0043,ing0068
PD00943,1,268.89,PO0044,ing0069
PD00944,20,101.44,PO0045,ing0070
PD00945,25,162.17,PO0046,ing0071
PD00946,26,102.82,PO0047,ing0072
PD00947,1,27.43,PO0048,ing0073
PD00948,18,242.77,PO0049,ing0074
PD00949,23,146.15,PO0050,ing0075
PD00950,30,175.82,PO0051,ing0076
PD00951,2,171.56,PO0052,ing0077
PD00952,1,76.6,PO0053,ing0078
PD00953,14,295.77,PO0054,ing0079
PD00954,18,79.87,PO0055,ing0080
PD00955,4,53.97,PO0056,ing0081
PD00956,8,144.59,PO0057,ing0082
PD00957,4,163.59,PO0058,ing0083
PD00958,20,233.73,PO0059,ing0084
PD00959,1,149.83,PO0060,ing0085
PD00960,17,228.95,PO0061,ing0086
PD00961,22,193.51,PO0062,ing0087
PD00962,14,171.93,PO0063,ing0088
PD00963,12,252.81,PO0064,ing0089
PD00964,16,136.42,PO0065,ing0090
PD00965,26,35.64,PO0066,ing0091
PD00966,12,25.19,PO0067,ing0092
PD00967,14,107.9,PO0068,ing0093
PD00968,2,67.34,PO0069,ing0094
PD00969,3,167.58,PO0070,ing0095
PD00970,28,238.5,PO0071,ing0096
PD00971,15,252.06,PO0072,ing0097
PD00972,9,181.38,PO0073,ing0098
PD00973,13,248.2,PO0074,ing0099
PD00974,15,178.61,PO0075,ing0100
PD00975,20,35.12,PO0076,ing0101
PD00976,25,271.62,PO0077,ing0102
PD00977,24,211.78,PO0078,ing0103
PD00978,14,39.73,PO0079,ing0104
PD00979,1,274.02,PO0080,ing0105
PD00980,22,93.14,PO0081,ing0106
PD00981,10,135.96,PO0082,ing0107
PD00982,2,147.73,PO0083,ing0108
PD00983,14,65.64,PO0084,ing0109
PD00984,21,200.47,PO0085,ing0110
PD00985,17,61.03,PO0086,ing0111
PD00986,15,118.17,PO0087,ing0112
PD00987,5,158.54,PO0088,ing0113
PD00988,11,123.36,PO0089,ing0114
PD00989,15,179.17,PO0090,ing0115
PD00990,16,49.49,PO0091,ing0116
PD00991,12,45.39,PO0092,ing0117
PD00992,12,246.42,PO0093,ing0118
PD00993,12,61.25,PO0094,ing0119
PD00994,8,134.32,PO0095,ing0120
PD00995,15,173.65,PO0096,ing0121
PD00996,3,160.16,PO0097,ing0122
PD00997,23,62.91,PO0098,ing0123
PD00998,28,74.3,PO0099,ing0124
PD00999,7,173.82,PO0100,ing0125
PD01000,24,237.87,PO0001,ing0001
PD01001,7,289.7,PO0002,ing0002
PD01002,13,163.76,PO0003,ing0003
PD01003,18,199.25,PO0004,ing0004
PD01004,2,244.71,PO0005,ing0005
PD01005,28,151.71,PO0006,ing0006
PD01006,7,191.88,PO0007,ing0007
PD01007,3,153.5,PO0008,ing0008
PD01008,13,67.54,PO0009,ing0009
PD01009,5,120.94,PO0010,ing0010
PD01010,26,80.38,PO0011,ing0011
PD01011,6,200.57,PO0012,ing0012
PD01012,9,77.58,PO0013,ing0013
PD01013,28,29.48,PO0014,ing0014
PD01014,14,63.75,PO0015,ing0015
PD01015,12,75.85,PO0016,ing0016
PD01016,24,44.62,PO0017,ing0017
PD01017,18,286.59,PO0018,ing0018
PD01018,30,183.16,PO0019,ing0019
PD01019,1,35.81,PO0020,ing0020
PD01020,20,124.3,PO0021,ing0021
PD01021,22,25.92,PO0022,ing0022
PD01022,12,36.53,PO0023,ing0023
PD01023,27,233.37,PO0024,ing0024
PD01024,11,118.04,PO0025,ing0025
PD01025,14,179.67,PO0026,ing0026
PD01026,24,238.3,PO0027,ing0027
PD01027,28,175.66,PO0028,ing0028
PD01028,4,189.69,PO0029,ing0029
PD01029,25,78.42,PO0030,ing0030
PD01030,3,198.95,PO0031,ing0031
PD01031,29,264.58,PO0032,ing0032
PD01032,17,258.54,PO0033,ing0033
PD01033,15,137.85,PO0034,ing0034
PD01034,23,83.83,PO0035,ing0035
PD01035,10,271.94,PO0036,ing0036
PD01036,28,163.36,PO0037,ing0037
PD01037,28,31.47,PO0038,ing0038
PD01038,10,27.46,PO0039,ing0039
PD01039,26,271.23,PO0040,ing0040
PD01040,16,201.04,PO0041,ing0041
PD01041,15,154.75,PO0042,ing0042
PD01042,6,230.71,PO0043,ing0043
PD01043,6,39.02,PO0044,ing0044
PD01044,12,230.43,PO0045,ing0045
PD01045,21,103.19,PO0046,ing0046
PD01046,12,34.36,PO0047,ing0047
PD01047,14,291.48,PO0048,ing0048
PD01048,1,89.23,PO0049,ing0049
PD01049,23,45.99,PO0050,ing0050
PD01050,2,282.1,PO0051,ing0051
PD01051,16,52.77,PO0052,ing0052
PD01052,25,166.64,PO0053,ing0053
PD01053,22,36.68,PO0054,ing0054
PD01054,24,121.63,PO0055,ing0055
PD01055,17,196.28,PO0056,ing0056
PD01056,6,136.05,PO0057,ing0057
PD01057,2,116.73,PO0058,ing0058
PD01058,11,24.23,PO0059,ing0059
PD01059,28,283.67,PO0060,ing0060
PD01060,1,232.81,PO0061,ing0061
PD01061,16,25.62,PO0062,ing0062
PD01062,10,150.94,PO0063,ing0063
PD01063,1,168.6,PO0064,ing0064
PD01064,28,87.77,PO0065,ing0065
PD01065,21,101.67,PO0066,ing0066
PD01066,11,191.36,PO0067,ing0067
PD01067,10,226.89,PO0068,ing0068
PD01068,30,272.13,PO0069,ing0069
PD01069,10,142.12,PO0070,ing0070
PD01070,7,219.92,PO0071,ing0071
PD01071,28,207.18,PO0072,ing0072
PD01072,26,25.78,PO0073,ing0073
PD01073,29,294.74,PO0074,ing0074
PD01074,11,273.91,PO0075,ing0075
PD01075,17,32.5,PO0076,ing0076
PD01076,8,206.81,PO0077,ing0077
PD01077,26,47.55,PO0078,ing0078
PD01078,2,242.89,PO0079,ing0079
PD01079,30,35.96,PO0080,ing0080
PD01080,16,196.36,PO0081,ing0081
PD01081,22,266.36,PO0082,ing0082
PD01082,21,63.86,PO0083,ing0083
PD01083,12,231.95,PO0084,ing0084
PD01084,16,228.04,PO0085,ing0085
PD01085,11,111.63,PO0086,ing0086
PD01086,20,204.9,PO0087,ing0087
PD01087,23,236.26,PO0088,ing0088
PD01088,27,288.6,PO0089,ing0089
PD01089,4,258.26,PO0090,ing0090
PD01090,18,76.82,PO0091,ing0091
PD01091,29,180.59,PO0092,ing0092
PD01092,23,292.25,PO0093,ing0093
PD01093,15,59.93,PO0094,ing0094
PD01094,2,113.29,PO0095,ing0095
PD01095,5,126.24,PO0096,ing0096
PD01096,1,295.15,PO0097,ing0097
PD01097,30,90.66,PO0098,ing0098
PD01098,24,205.68,PO0099,ing0099
PD01099,28,298.86,PO0100,ing0100
PD01100,16,60.62,PO0001,ing0101
PD01101,3,277.44,PO0002,ing0102
PD01102,14,111.55,PO0003,ing0103
PD01103,18,160.78,PO0004,ing0104
PD01104,18,140.36,PO0005,ing0105
PD01105,18,123.32,PO0006,ing0106
PD01106,23,264.22,PO0007,ing0107
PD01107,25,205.76,PO0008,ing0108
PD01108,21,282.43,PO0009,ing0109
PD01109,11,20.27,PO0010,ing0110
PD01110,17,47.48,PO0011,ing0111
PD01111,16,142.93,PO0012,ing0112
PD01112,27,114.26,PO0013,ing0113
PD01113,23,48.66,PO0014,ing0114
PD01114,1,128.73,PO0015,ing0115
PD01115,6,105.69,PO0016,ing0116
PD01116,6,128.14,PO0017,ing0117
PD01117,4,21.55,PO0018,ing0118
PD01118,25,244.23,PO0019,ing0119
PD01119,24,62.51,PO0020,ing0120
PD01120,2,116.86,PO0021,ing0121
PD01121,9,156.51,PO0022,ing0122
PD01122,20,144.68,PO0023,ing0123
PD01123,14,155.76,PO0024,ing0124
PD01124,4,72.27,PO0025,ing0125
PD01125,20,93.34,PO0026,ing0001
PD01126,5,228.41,PO0027,ing0002
PD01127,13,171.56,PO0028,ing0003
PD01128,11,289.82,PO0029,ing0004
PD01129,19,159.54,PO0030,ing0005
PD01130,30,236.72,PO0031,ing0006
PD01131,18,133.44,PO0032,ing0007
PD01132,10,63.63,PO0033,ing0008
PD01133,6,131.19,PO0034,ing0009
PD01134,9,173.23,PO0035,ing0010
PD01135,26,144.84,PO0036,ing0011
PD01136,19,196.45,PO0037,ing0012
PD01137,3,141.49,PO0038,ing0013
PD01138,14,22.05,PO0039,ing0014
PD01139,26,299.52,PO0040,ing0015
PD01140,16,88.33,PO0041,ing0016
PD01141,17,187.16,PO0042,ing0017
PD01142,19,220.36,PO0043,ing0018
PD01143,11,198.21,PO0044,ing0019
PD01144,5,48.31,PO0045,ing0020
PD01145,14,219.65,PO0046,ing0021
PD01146,27,274.65,PO0047,ing0022
PD01147,13,216.49,PO0048,ing0023
PD01148,9,209.03,PO0049,ing0024
PD01149,20,123.01,PO0050,ing0025
PD01150,20,180.34,PO0051,ing0026
PD01151,19,114.73,PO0052,ing0027
PD01152,10,166,PO0053,ing0028
PD01153,13,218.34,PO0054,ing0029
PD01154,26,201.03,PO0055,ing0030
PD01155,3,246.19,PO0056,ing0031
PD01156,16,141.14,PO0057,ing0032
PD01157,8,178.56,PO0058,ing0033
PD01158,26,140.22,PO0059,ing0034
PD01159,6,42.71,PO0060,ing0035
PD01160,22,183.65,PO0061,ing0036
PD01161,6,90.03,PO0062,ing0037
PD01162,18,236.33,PO0063,ing0038
PD01163,22,232.1,PO0064,ing0039
PD01164,17,254.77,PO0065,ing0040
PD01165,7,22.39,PO0066,ing0041
PD01166,20,182.28,PO0067,ing0042
PD01167,4,67.93,PO0068,ing0043
PD01168,28,208.9,PO0069,ing0044
PD01169,22,87.86,PO0070,ing0045
PD01170,7,24.13,PO0071,ing0046
PD01171,8,230.92,PO0072,ing0047
PD01172,16,254.09,PO0073,ing0048
PD01173,25,108.83,PO0074,ing0049
PD01174,3,185.93,PO0075,ing0050
PD01175,14,45.13,PO0076,ing0051
PD01176,5,99.48,PO0077,ing0052
PD01177,21,285.31,PO0078,ing0053
PD01178,18,168.99,PO0079,ing0054
PD01179,9,39.67,PO0080,ing0055
PD01180,24,290.73,PO0081,ing0056
PD01181,27,233.95,PO0082,ing0057
PD01182,30,155.39,PO0083,ing0058
PD01183,22,129.58,PO0084,ing0059
PD01184,11,241.15,PO0085,ing0060
PD01185,19,259.9,PO0086,ing0061
PD01186,15,57.7,PO0087,ing0062
PD01187,4,196.45,PO0088,ing0063
PD01188,12,292.38,PO0089,ing0064
PD01189,8,261.39,PO0090,ing0065
PD01190,30,248.62,PO0091,ing0066
PD01191,6,220.1,PO0092,ing0067
PD01192,26,86.71,PO0093,ing0068
PD01193,19,214.3,PO0094,ing0069
PD01194,10,62.85,PO0095,ing0070
PD01195,5,39.34,PO0096,ing0071
PD01196,10,222.89,PO0097,ing0072
PD01197,9,260.12,PO0098,ing0073
PD01198,15,38.25,PO0099,ing0074
PD01199,7,244.84,PO0100,ing0075
PD01200,13,144.05,PO0001,ing0076
PD01201,29,66.53,PO0002,ing0077
PD01202,25,167.49,PO0003,ing0078
PD01203,20,188.89,PO0004,ing0079
PD01204,28,170.15,PO0005,ing0080
PD01205,6,108.93,PO0006,ing0081
PD01206,6,22.65,PO0007,ing0082
PD01207,6,124.58,PO0008,ing0083
PD01208,16,189.44,PO0009,ing0084
PD01209,6,268.68,PO0010,ing0085
PD01210,25,299.81,PO0011,ing0086
PD01211,4,237.93,PO0012,ing0087
PD01212,7,176.39,PO0013,ing0088
PD01213,6,44.02,PO0014,ing0089
PD01214,21,135.88,PO0015,ing0090
PD01215,24,93.74,PO0016,ing0091
PD01216,15,143.59,PO0017,ing0092
PD01217,12,276.67,PO0018,ing0093
PD01218,5,63.99,PO0019,ing0094
PD01219,12,156.34,PO0020,ing0095
PD01220,2,111.27,PO0021,ing0096
PD01221,27,235.88,PO0022,ing0097
PD01222,20,22.01,PO0023,ing0098
PD01223,28,125.86,PO0024,ing0099
PD01224,17,261.27,PO0025,ing0100
PD01225,18,64.11,PO0026,ing0101
PD01226,8,70.47,PO0027,ing0102
PD01227,29,49.84,PO0028,ing0103
PD01228,25,39.32,PO0029,ing0104
PD01229,11,126.99,PO0030,ing0105
PD01230,1,64.57,PO0031,ing0106
PD01231,20,96.8,PO0032,ing0107
PD01232,24,20.4,PO0033,ing0108
PD01233,10,190.86,PO0034,ing0109
PD01234,1,118.37,PO0035,ing0110
PD01235,13,234.99,PO0036,ing0111
PD01236,29,36.51,PO0037,ing0112
PD01237,9,196.3,PO0038,ing0113
PD01238,7,171.48,PO0039,ing0114
PD01239,11,38.44,PO0040,ing0115
PD01240,19,258.8,PO0041,ing0116
PD01241,11,168.39,PO0042,ing0117
PD01242,3,62.52,PO0043,ing0118
PD01243,13,76.04,PO0044,ing0119
PD01244,26,182.56,PO0045,ing0120
PD01245,18,193.59,PO0046,ing0121
PD01246,1,30.11,PO0047,ing0122
PD01247,1,281.94,PO0048,ing0123
PD01248,15,280.53,PO0049,ing0124
PD01249,24,54.39,PO0050,ing0125
PD01250,14,158.22,PO0051,ing0001
PD01251,25,232.47,PO0052,ing0002
PD01252,9,185.66,PO0053,ing0003
PD01253,28,283.9,PO0054,ing0004
PD01254,11,142.69,PO0055,ing0005
PD01255,7,178.2,PO0056,ing0006
PD01256,2,62.83,PO0057,ing0007
PD01257,20,213.68,PO0058,ing0008
PD01258,2,135.14,PO0059,ing0009
PD01259,6,113.34,PO0060,ing0010
PD01260,19,169.15,PO0061,ing0011
PD01261,20,59.42,PO0062,ing0012
PD01262,29,160.81,PO0063,ing0013
PD01263,7,101.55,PO0064,ing0014
PD01264,29,204.64,PO0065,ing0015
PD01265,10,160.96,PO0066,ing0016
PD01266,20,167.2,PO0067,ing0017
PD01267,29,92.14,PO0068,ing0018
PD01268,16,292.93,PO0069,ing0019
PD01269,28,87.98,PO0070,ing0020
PD01270,29,280.54,PO0071,ing0021
PD01271,10,94.91,PO0072,ing0022
PD01272,23,299.29,PO0073,ing0023
PD01273,16,87.38,PO0074,ing0024
PD01274,11,237.25,PO0075,ing0025
PD01275,2,253.81,PO0076,ing0026
PD01276,30,244.76,PO0077,ing0027
PD01277,28,64.66,PO0078,ing0028
PD01278,5,210.94,PO0079,ing0029
PD01279,4,81.71,PO0080,ing0030
PD01280,23,108.1,PO0081,ing0031
PD01281,24,254.08,PO0082,ing0032
PD01282,8,292.25,PO0083,ing0033
PD01283,30,187.68,PO0084,ing0034
PD01284,11,239.79,PO0085,ing0035
PD01285,8,63.8,PO0086,ing0036
PD01286,26,106.7,PO0087,ing0037
PD01287,17,292.38,PO0088,ing0038
PD01288,7,168.06,PO0089,ing0039
PD01289,27,114.42,PO0090,ing0040
PD01290,29,107.14,PO0091,ing0041
PD01291,23,89.19,PO0092,ing0042
PD01292,4,264.44,PO0093,ing0043
PD01293,12,64.73,PO0094,ing0044
PD01294,14,210.46,PO0095,ing0045
PD01295,4,190.04,PO0096,ing0046
PD01296,29,132.71,PO0097,ing0047
PD01297,2,244.22,PO0098,ing0048
PD01298,1,274.53,PO0099,ing0049
PD01299,14,196.41,PO0100,ing0050
PD01300,19,287.34,PO0001,ing0051
PD01301,24,149.5,PO0002,ing0052
PD01302,18,24.2,PO0003,ing0053
PD01303,22,23.31,PO0004,ing0054
PD01304,8,132.61,PO0005,ing0055
PD01305,13,96.6,PO0006,ing0056
PD01306,11,62.58,PO0007,ing0057
PD01307,4,299.07,PO0008,ing0058
PD01308,17,63.33,PO0009,ing0059
PD01309,1,65.57,PO0010,ing0060
PD01310,1,107.38,PO0011,ing0061
PD01311,12,269.33,PO0012,ing0062
PD01312,24,172.55,PO0013,ing0063
PD01313,5,34.45,PO0014,ing0064
PD01314,26,24.52,PO0015,ing0065
PD01315,7,97.17,PO0016,ing0066
PD01316,4,37.32,PO0017,ing0067
PD01317,22,254.63,PO0018,ing0068
PD01318,1,172.28,PO0019,ing0069
PD01319,25,259.12,PO0020,ing0070
PD01320,22,212.81,PO0021,ing0071
PD01321,25,194.91,PO0022,ing0072
PD01322,8,230.35,PO0023,ing0073
PD01323,16,204.87,PO0024,ing0074
PD01324,3,254.73,PO0025,ing0075
PD01325,18,58.29,PO0026,ing0076
PD01326,8,76.28,PO0027,ing0077
PD01327,19,38.64,PO0028,ing0078
PD01328,29,209.73,PO0029,ing0079
PD01329,6,39.55,PO0030,ing0080
PD01330,23,242.21,PO0031,ing0081
PD01331,23,49.51,PO0032,ing0082
PD01332,25,149.12,PO0033,ing0083
PD01333,30,287.97,PO0034,ing0084
PD01334,28,164.43,PO0035,ing0085
PD01335,25,67.02,PO0036,ing0086
PD01336,23,143.76,PO0037,ing0087
PD01337,7,281.12,PO0038,ing0088
PD01338,11,245.29,PO0039,ing0089
PD01339,4,237.56,PO0040,ing0090
PD01340,1,248.78,PO0041,ing0091
PD01341,15,220.82,PO0042,ing0092
PD01342,8,62.84,PO0043,ing0093
PD01343,15,86.91,PO0044,ing0094
PD01344,26,269.93,PO0045,ing0095
PD01345,28,250.16,PO0046,ing0096
PD01346,12,87.69,PO0047,ing0097
PD01347,25,248.93,PO0048,ing0098
PD01348,10,223.46,PO0049,ing0099
PD01349,22,37.52,PO0050,ing0100
PD01350,14,145.15,PO0051,ing0101
PD01351,5,235.83,PO0052,ing0102
PD01352,15,96.38,PO0053,ing0103
PD01353,20,290.73,PO0054,ing0104
PD01354,24,84.48,PO0055,ing0105
PD01355,26,239.12,PO0056,ing0106
PD01356,27,63.86,PO0057,ing0107
PD01357,3,114.95,PO0058,ing0108
PD01358,13,89.74,PO0059,ing0109
PD01359,30,226.8,PO0060,ing0110
PD01360,14,26.35,PO0061,ing0111
PD01361,4,203.48,PO0062,ing0112
PD01362,4,170.65,PO0063,ing0113
PD01363,15,91.71,PO0064,ing0114
PD01364,3,106.75,PO0065,ing0115
PD01365,14,250.03,PO0066,ing0116
PD01366,5,73.51,PO0067,ing0117
PD01367,13,24.1,PO0068,ing0118
PD01368,16,20.8,PO0069,ing0119
PD01369,1,292.3,PO0070,ing0120
PD01370,4,207.69,PO0071,ing0121
PD01371,2,78.69,PO0072,ing0122
PD01372,3,32.5,PO0073,ing0123
PD01373,27,289.43,PO0074,ing0124
PD01374,23,46.49,PO0075,ing0125
PD01375,14,76.74,PO0076,ing0001
PD01376,29,143.5,PO0077,ing0002
PD01377,19,134.74,PO0078,ing0003
PD01378,14,58.83,PO0079,ing0004
PD01379,8,30.66,PO0080,ing0005
PD01380,4,145.35,PO0081,ing0006
PD01381,20,55.92,PO0082,ing0007
PD01382,29,129.1,PO0083,ing0008
PD01383,5,214.61,PO0084,ing0009
PD01384,13,90.18,PO0085,ing0010
PD01385,20,34.1,PO0086,ing0011
PD01386,4,63.02,PO0087,ing0012
PD01387,20,44.69,PO0088,ing0013
PD01388,17,173.02,PO0089,ing0014
PD01389,30,187.44,PO0090,ing0015
PD01390,18,30.94,PO0091,ing0016
PD01391,17,66.18,PO0092,ing0017
PD01392,15,20.33,PO0093,ing0018
PD01393,5,297.36,PO0094,ing0019
PD01394,6,116.83,PO0095,ing0020
PD01395,14,111.15,PO0096,ing0021
PD01396,4,100.51,PO0097,ing0022
PD01397,1,32.47,PO0098,ing0023
PD01398,24,151.45,PO0099,ing0024
PD01399,11,269.31,PO0100,ing0025
PD01400,19,213.45,PO0001,ing0026
PD01401,10,54.35,PO0002,ing0027
PD01402,17,258.14,PO0003,ing0028
PD01403,7,257.85,PO0004,ing0029
PD01404,30,105.1,PO0005,ing0030
PD01405,4,204.7,PO0006,ing0031
PD01406,13,104.95,PO0007,ing0032
PD01407,10,285.79,PO0008,ing0033
PD01408,5,68.91,PO0009,ing0034
PD01409,12,292.97,PO0010,ing0035
PD01410,5,272.65,PO0011,ing0036
PD01411,7,87.88,PO0012,ing0037
PD01412,12,258.06,PO0013,ing0038
PD01413,28,204.89,PO0014,ing0039
PD01414,22,224.75,PO0015,ing0040
PD01415,18,41.91,PO0016,ing0041
PD01416,25,119.44,PO0017,ing0042
PD01417,25,218.52,PO0018,ing0043
PD01418,12,221.26,PO0019,ing0044
PD01419,28,80.27,PO0020,ing0045
PD01420,7,208.4,PO0021,ing0046
PD01421,5,236.67,PO0022,ing0047
PD01422,10,86.56,PO0023,ing0048
PD01423,8,61.62,PO0024,ing0049
PD01424,2,269.88,PO0025,ing0050
PD01425,22,212.18,PO0026,ing0051
PD01426,7,164.64,PO0027,ing0052
PD01427,2,201.2,PO0028,ing0053
PD01428,29,197.93,PO0029,ing0054
PD01429,19,89.3,PO0030,ing0055
PD01430,22,266.58,PO0031,ing0056
PD01431,12,84.54,PO0032,ing0057
PD01432,17,198.03,PO0033,ing0058
PD01433,11,94.47,PO0034,ing0059
PD01434,4,74.64,PO0035,ing0060
PD01435,16,166.99,PO0036,ing0061
PD01436,27,123.84,PO0037,ing0062
PD01437,26,65.33,PO0038,ing0063
PD01438,24,81.04,PO0039,ing0064
PD01439,21,83.43,PO0040,ing0065
PD01440,30,266.65,PO0041,ing0066
PD01441,1,104.48,PO0042,ing0067
PD01442,29,287.72,PO0043,ing0068
PD01443,30,136.84,PO0044,ing0069
PD01444,26,244.87,PO0045,ing0070
PD01445,13,77.91,PO0046,ing0071
PD01446,27,239.48,PO0047,ing0072
PD01447,1,167.23,PO0048,ing0073
PD01448,24,290.08,PO0049,ing0074
PD01449,13,33.89,PO0050,ing0075
PD01450,19,202.08,PO0051,ing0076
PD01451,17,212.67,PO0052,ing0077
PD01452,8,289.38,PO0053,ing0078
PD01453,19,26.03,PO0054,ing0079
PD01454,10,146.64,PO0055,ing0080
PD01455,15,114.46,PO0056,ing0081
PD01456,9,271.68,PO0057,ing0082
PD01457,2,278.1,PO0058,ing0083
PD01458,20,268.64,PO0059,ing0084
PD01459,24,158.61,PO0060,ing0085
PD01460,5,183.99,PO0061,ing0086
PD01461,6,142.54,PO0062,ing0087
PD01462,4,163.97,PO0063,ing0088
PD01463,15,177.24,PO0064,ing0089
PD01464,6,293.64,PO0065,ing0090
PD01465,10,128.15,PO0066,ing0091
PD01466,9,259.89,PO0067,ing0092
PD01467,12,81.07,PO0068,ing0093
PD01468,24,48.36,PO0069,ing0094
PD01469,22,212.42,PO0070,ing0095
PD01470,26,125.27,PO0071,ing0096
PD01471,18,206.73,PO0072,ing0097
PD01472,9,73.32,PO0073,ing0098
PD01473,27,50.99,PO0074,ing0099
PD01474,25,165.82,PO0075,ing0100
PD01475,14,209.85,PO0076,ing0101
PD01476,30,235.13,PO0077,ing0102
PD01477,9,282.38,PO0078,ing0103
PD01478,24,42.48,PO0079,ing0104
PD01479,1,154.78,PO0080,ing0105
PD01480,21,20,PO0081,ing0106
PD01481,29,206.55,PO0082,ing0107
PD01482,16,254.9,PO0083,ing0108
PD01483,5,171.74,PO0084,ing0109
PD01484,18,117.22,PO0085,ing0110
PD01485,18,118.66,PO0086,ing0111
PD01486,13,149.5,PO0087,ing0112
PD01487,4,274.29,PO0088,ing0113
PD01488,16,48.44,PO0089,ing0114
PD01489,4,191.22,PO0090,ing0115
PD01490,29,276.46,PO0091,ing0116
PD01491,2,67.69,PO0092,ing0117
PD01492,7,59.8,PO0093,ing0118
PD01493,16,121.33,PO0094,ing0119
PD01494,25,233.8,PO0095,ing0120
PD01495,17,276.73,PO0096,ing0121
PD01496,20,252.85,PO0097,ing0122
PD01497,21,146.06,PO0098,ing0123
PD01498,24,33.08,PO0099,ing0124
PD01499,2,65.37,PO0100,ing0125
PD01500,25,142.34,PO0001,ing0001
PD01501,26,228.88,PO0002,ing0002
PD01502,14,56.5,PO0003,ing0003
PD01503,10,86.73,PO0004,ing0004
PD01504,23,137.43,PO0005,ing0005
PD01505,14,256.97,PO0006,ing0006
PD01506,5,129.1,PO0007,ing0007
PD01507,30,81.73,PO0008,ing0008
PD01508,27,110.02,PO0009,ing0009
PD01509,16,261.77,PO0010,ing0010
PD01510,5,55.6,PO0011,ing0011
PD01511,27,137.22,PO0012,ing0012
PD01512,21,237.78,PO0013,ing0013
PD01513,21,219.07,PO0014,ing0014
PD01514,10,292.62,PO0015,ing0015
PD01515,14,65.11,PO0016,ing0016
PD01516,3,293.68,PO0017,ing0017
PD01517,11,135.36,PO0018,ing0018
PD01518,29,221.79,PO0019,ing0019
PD01519,16,22.25,PO0020,ing0020
PD01520,27,20.69,PO0021,ing0021
PD01521,13,145.06,PO0022,ing0022
PD01522,11,97.82,PO0023,ing0023
PD01523,13,265.41,PO0024,ing0024
PD01524,21,193.86,PO0025,ing0025
PD01525,26,158.68,PO0026,ing0026
PD01526,15,232.81,PO0027,ing0027
PD01527,16,90.02,PO0028,ing0028
PD01528,12,292.08,PO0029,ing0029
PD01529,19,269.31,PO0030,ing0030
PD01530,19,182.66,PO0031,ing0031
PD01531,13,227.53,PO0032,ing0032
PD01532,25,162.07,PO0033,ing0033
PD01533,16,121.93,PO0034,ing0034
PD01534,28,197.14,PO0035,ing0035
PD01535,22,253.68,PO0036,ing0036
PD01536,30,278.12,PO0037,ing0037
PD01537,20,285.69,PO0038,ing0038
PD01538,23,299.17,PO0039,ing0039
PD01539,2,186.88,PO0040,ing0040
PD01540,16,144.57,PO0041,ing0041
PD01541,4,85.05,PO0042,ing0042
PD01542,14,59.9,PO0043,ing0043
PD01543,18,20.69,PO0044,ing0044
PD01544,4,31.89,PO0045,ing0045
PD01545,2,274.9,PO0046,ing0046
PD01546,18,257.88,PO0047,ing0047
PD01547,3,53.84,PO0048,ing0048
PD01548,17,191.02,PO0049,ing0049
PD01549,9,106.2,PO0050,ing0050
PD01550,7,179.44,PO0051,ing0051
PD01551,21,187.8,PO0052,ing0052
PD01552,14,161.81,PO0053,ing0053
PD01553,5,261.94,PO0054,ing0054
PD01554,6,126.21,PO0055,ing0055
PD01555,29,59.24,PO0056,ing0056
PD01556,3,124.06,PO0057,ing0057
PD01557,18,158.15,PO0058,ing0058
PD01558,30,285.94,PO0059,ing0059
PD01559,26,93.07,PO0060,ing0060
PD01560,9,231.74,PO0061,ing0061
PD01561,14,46.45,PO0062,ing0062
PD01562,11,229.73,PO0063,ing0063
PD01563,6,118.03,PO0064,ing0064
PD01564,16,276.44,PO0065,ing0065
PD01565,24,226.07,PO0066,ing0066
PD01566,11,104.84,PO0067,ing0067
PD01567,26,122.77,PO0068,ing0068
PD01568,21,40.84,PO0069,ing0069
PD01569,17,130.78,PO0070,ing0070
PD01570,28,58.51,PO0071,ing0071
PD01571,13,256.69,PO0072,ing0072
PD01572,12,93.55,PO0073,ing0073
PD01573,2,190,PO0074,ing0074
PD01574,27,192.67,PO0075,ing0075
PD01575,11,222.78,PO0076,ing0076
PD01576,10,102.55,PO0077,ing0077
PD01577,26,82.38,PO0078,ing0078
PD01578,13,39.89,PO0079,ing0079
PD01579,11,37.67,PO0080,ing0080
PD01580,3,73.31,PO0081,ing0081
PD01581,26,257.09,PO0082,ing0082
PD01582,26,180.11,PO0083,ing0083
PD01583,18,266.64,PO0084,ing0084
PD01584,16,167.3,PO0085,ing0085
PD01585,15,33.94,PO0086,ing0086
PD01586,14,227.34,PO0087,ing0087
PD01587,7,198.24,PO0088,ing0088
PD01588,15,259.79,PO0089,ing0089
PD01589,27,225.65,PO0090,ing0090
PD01590,13,111.67,PO0091,ing0091
PD01591,8,272.78,PO0092,ing0092
PD01592,13,111.09,PO0093,ing0093
PD01593,4,156.94,PO0094,ing0094
PD01594,12,70.47,PO0095,ing0095
PD01595,11,127.15,PO0096,ing0096
PD01596,9,279.74,PO0097,ing0097
PD01597,7,134.7,PO0098,ing0098
PD01598,21,180.27,PO0099,ing0099
PD01599,23,102.95,PO0100,ing0100
PD01600,12,137.66,PO0001,ing0101
PD01601,5,32.79,PO0002,ing0102
PD01602,9,44.5,PO0003,ing0103
PD01603,14,188.9,PO0004,ing0104
PD01604,13,251.13,PO0005,ing0105
PD01605,28,147.55,PO0006,ing0106
PD01606,4,77.67,PO0007,ing0107
PD01607,2,23.69,PO0008,ing0108
PD01608,26,104.04,PO0009,ing0109
PD01609,26,68.74,PO0010,ing0110
PD01610,27,124.78,PO0011,ing0111
PD01611,17,273.12,PO0012,ing0112
PD01612,3,154.53,PO0013,ing0113
PD01613,26,80.95,PO0014,ing0114
PD01614,7,279.22,PO0015,ing0115
PD01615,15,88.56,PO0016,ing0116
PD01616,3,210.16,PO0017,ing0117
PD01617,26,164.91,PO0018,ing0118
PD01618,14,187.74,PO0019,ing0119
PD01619,25,206.5,PO0020,ing0120
PD01620,5,268.92,PO0021,ing0121
PD01621,8,166.16,PO0022,ing0122
PD01622,30,149.03,PO0023,ing0123
PD01623,5,152.38,PO0024,ing0124
PD01624,9,168.78,PO0025,ing0125
PD01625,13,40.21,PO0026,ing0001
PD01626,25,37,PO0027,ing0002
PD01627,5,231.06,PO0028,ing0003
PD01628,26,131.45,PO0029,ing0004
PD01629,22,26.91,PO0030,ing0005
PD01630,4,293.6,PO0031,ing0006
PD01631,21,69.79,PO0032,ing0007
PD01632,27,131.19,PO0033,ing0008
PD01633,25,218.17,PO0034,ing0009
PD01634,27,143.72,PO0035,ing0010
PD01635,26,122.12,PO0036,ing0011
PD01636,7,236.08,PO0037,ing0012
PD01637,7,74.56,PO0038,ing0013
PD01638,2,142.17,PO0039,ing0014
PD01639,14,219.52,PO0040,ing0015
PD01640,16,30.85,PO0041,ing0016
PD01641,30,109.15,PO0042,ing0017
PD01642,29,229.5,PO0043,ing0018
PD01643,7,179.99,PO0044,ing0019
PD01644,24,161.89,PO0045,ing0020
PD01645,3,142.85,PO0046,ing0021
PD01646,21,203.46,PO0047,ing0022
PD01647,25,282.33,PO0048,ing0023
PD01648,5,135.62,PO0049,ing0024
PD01649,23,181.18,PO0050,ing0025
PD01650,13,68.6,PO0051,ing0026
PD01651,26,255.81,PO0052,ing0027
PD01652,15,292.35,PO0053,ing0028
PD01653,16,225.43,PO0054,ing0029
PD01654,12,282.97,PO0055,ing0030
PD01655,4,167.73,PO0056,ing0031
PD01656,5,108.9,PO0057,ing0032
PD01657,3,52.99,PO0058,ing0033
PD01658,20,139.55,PO0059,ing0034
PD01659,17,103.09,PO0060,ing0035
PD01660,15,245.81,PO0061,ing0036
PD01661,6,275.98,PO0062,ing0037
PD01662,25,293.48,PO0063,ing0038
PD01663,11,250.7,PO0064,ing0039
PD01664,28,268.13,PO0065,ing0040
PD01665,30,215.64,PO0066,ing0041
PD01666,2,121.43,PO0067,ing0042
PD01667,1,75.28,PO0068,ing0043
PD01668,16,121.25,PO0069,ing0044
PD01669,18,276.62,PO0070,ing0045
PD01670,22,169.78,PO0071,ing0046
PD01671,30,208.22,PO0072,ing0047
PD01672,4,258.68,PO0073,ing0048
PD01673,29,40.32,PO0074,ing0049
PD01674,30,165.4,PO0075,ing0050
PD01675,13,106.12,PO0076,ing0051
PD01676,3,97.15,PO0077,ing0052
PD01677,13,48.22,PO0078,ing0053
PD01678,29,190.74,PO0079,ing0054
PD01679,30,194.98,PO0080,ing0055
PD01680,11,61.02,PO0081,ing0056
PD01681,18,125.49,PO0082,ing0057
PD01682,22,256.1,PO0083,ing0058
PD01683,18,133.5,PO0084,ing0059
PD01684,26,273.15,PO0085,ing0060
PD01685,6,223.11,PO0086,ing0061
PD01686,19,182.86,PO0087,ing0062
PD01687,7,205.22,PO0088,ing0063
PD01688,11,271.88,PO0089,ing0064
PD01689,4,48.41,PO0090,ing0065
PD01690,9,157.01,PO0091,ing0066
PD01691,22,276.79,PO0092,ing0067
PD01692,26,206.62,PO0093,ing0068
PD01693,13,250.99,PO0094,ing0069
PD01694,18,278.73,PO0095,ing0070
PD01695,21,200.57,PO0096,ing0071
PD01696,22,209.8,PO0097,ing0072
PD01697,9,271.82,PO0098,ing0073
PD01698,4,176.96,PO0099,ing0074
PD01699,18,283.18,PO0100,ing0075
PD01700,20,99.19,PO0001,ing0076
PD01701,12,167.79,PO0002,ing0077
PD01702,20,120.34,PO0003,ing0078
PD01703,20,181.92,PO0004,ing0079
PD01704,7,247.2,PO0005,ing0080
PD01705,2,21.92,PO0006,ing0081
PD01706,23,179.87,PO0007,ing0082
PD01707,29,79.41,PO0008,ing0083
PD01708,20,255.53,PO0009,ing0084
PD01709,27,128.36,PO0010,ing0085
PD01710,22,174.83,PO0011,ing0086
PD01711,10,71.07,PO0012,ing0087
PD01712,7,105.18,PO0013,ing0088
PD01713,16,275.69,PO0014,ing0089
PD01714,7,298.01,PO0015,ing0090
PD01715,6,170.77,PO0016,ing0091
PD01716,18,239.37,PO0017,ing0092
PD01717,15,193.85,PO0018,ing0093
PD01718,15,85.8,PO0019,ing0094
PD01719,15,280.92,PO0020,ing0095
PD01720,4,20.45,PO0021,ing0096
PD01721,2,66.24,PO0022,ing0097
PD01722,27,299.25,PO0023,ing0098
PD01723,3,130.93,PO0024,ing0099
PD01724,14,156.29,PO0025,ing0100
PD01725,28,191.72,PO0026,ing0101
PD01726,11,67.21,PO0027,ing0102
PD01727,6,84.61,PO0028,ing0103
PD01728,15,46.92,PO0029,ing0104
PD01729,25,235.27,PO0030,ing0105
PD01730,25,29.46,PO0031,ing0106
PD01731,22,106.83,PO0032,ing0107
PD01732,22,25.11,PO0033,ing0108
PD01733,3,289.93,PO0034,ing0109
PD01734,1,261.58,PO0035,ing0110
PD01735,10,240.13,PO0036,ing0111
PD01736,5,274.42,PO0037,ing0112
PD01737,1,114.04,PO0038,ing0113
PD01738,22,135.19,PO0039,ing0114
PD01739,23,51.32,PO0040,ing0115
PD01740,5,223.18,PO0041,ing0116
PD01741,1,199.72,PO0042,ing0117
PD01742,18,104.84,PO0043,ing0118
PD01743,20,157.68,PO0044,ing0119
PD01744,11,78.07,PO0045,ing0120
PD01745,23,256.48,PO0046,ing0121
PD01746,10,267.07,PO0047,ing0122
PD01747,6,128.79,PO0048,ing0123
PD01748,24,94.97,PO0049,ing0124
PD01749,1,132.57,PO0050,ing0125
PD01750,16,113.74,PO0051,ing0001